{"cameraMode":{"drawMode":0,"name":"Shaded","section":"Shading Mode"},"sceneLighting":true,"audioPlay":false,"sceneViewState":{"m_AlwaysRefresh":false,"showFog":true,"showSkybox":true,"showFlares":true,"showImageEffects":true,"showParticleSystems":true,"showVisualEffectGraphs":true,"m_FxEnabled":true},"in2DMode":false,"pivot":{"x":191.28414916992188,"y":1.4949170351028443,"z":482.24432373046877},"rotation":{"x":-0.016860833391547204,"y":0.6619091033935547,"z":0.01489576417952776,"w":0.7492507100105286},"size":10.375710487365723,"orthographic":false}